alignment_index,event_type,position_1973_envelope,position_2020,base_1973,base_2020
33,substitution,33,33,T,C
42,substitution,42,42,C,T
57,substitution,57,57,G,A
78,substitution,78,78,G,A
105,substitution,105,105,T,C
126,substitution,126,126,T,C
162,substitution,162,162,G,A
180,substitution,180,180,T,C
195,substitution,195,195,T,C
201,substitution,201,201,C,T
204,substitution,204,204,A,G
244,substitution,244,244,T,C
261,substitution,261,261,C,T
363,substitution,363,363,T,C
364,substitution,364,364,T,C
371,substitution,371,371,C,T
390,substitution,390,390,G,T
393,substitution,393,393,G,A
432,substitution,432,432,C,T
441,substitution,441,441,T,C
465,substitution,465,465,G,A
483,substitution,483,483,G,A
507,substitution,507,507,T,C
510,substitution,510,510,A,G
567,substitution,567,567,A,G
585,substitution,585,585,T,C
618,substitution,618,618,A,G
621,substitution,621,621,T,C
663,substitution,663,663,A,G
690,substitution,690,690,T,C
726,substitution,726,726,T,C
735,substitution,735,735,G,A
828,substitution,828,828,T,C
837,substitution,837,837,G,A
843,substitution,843,843,A,G
849,substitution,849,849,T,C
902,substitution,902,902,T,C
903,substitution,903,903,G,A
912,substitution,912,912,C,T
933,substitution,933,933,C,T
939,substitution,939,939,G,A
966,substitution,966,966,T,C
984,substitution,984,984,T,C
1002,substitution,1002,1002,T,A
1032,substitution,1032,1032,C,T
1080,substitution,1080,1080,G,A
1085,substitution,1085,1085,C,T
1107,substitution,1107,1107,T,C
1125,substitution,1125,1125,T,C
1129,substitution,1129,1129,G,A
1157,substitution,1157,1157,A,G
1164,substitution,1164,1164,C,T
1179,substitution,1179,1179,A,G
1206,substitution,1206,1206,T,C
1215,substitution,1215,1215,A,G
1269,substitution,1269,1269,A,G
1290,substitution,1290,1290,A,G
1293,substitution,1293,1293,A,G
1302,substitution,1302,1302,G,C
1329,substitution,1329,1329,A,G
1335,substitution,1335,1335,A,T
1344,substitution,1344,1344,A,G
1386,substitution,1386,1386,C,T
1449,substitution,1449,1449,T,C
